"","mean_diff","logfoldchange","pvalues"
"ENSG00000241945",-227.4,-3.02696704760027,0.0046223706636878
"ENSG00000279104",-7.2,-5.20945336562895,0.0210896104388859
